
[ILC71UOFZ9][user_name]=@M_Spirits
[ILC71UOFZ9][message_id]=7
[ILC71UOFZ9][0]=lo:-1001861520066:1462127457:6955269:❤️
[9B97FEDJ6R][user_name]=@M_Spirits
[9B97FEDJ6R][message_id]=7
[9B97FEDJ6R][0]=lo:-1001861520066:1462127457:6955269:❤️
[W8HE04IIR6][user_name]=@M_Spirits
[W8HE04IIR6][message_id]=6
[W8HE04IIR6][0]={"id":"b1632299e6e1d0024178f","e":"👍"}
[WYTS2L8CA8][user_name]=@M_Spirits
[WYTS2L8CA8][message_id]=6
[WYTS2L8CA8][0]={"id":"b1632299e6e1d0024178f","e":"👍"}
[IKVKMQOK5C][user_name]=@M_Spirits
[IKVKMQOK5C][message_id]=6
[IKVKMQOK5C][0]={"id":"b1632299e6e1d0024178f","e":"👍"}
[EZ3427ISB8][user_name]=@M_Spirits
[EZ3427ISB8][message_id]=6
[EZ3427ISB8][0]={"id":"b1632299e6e1d0024178f","e":"👍"}
[ODUI3UDHQE][user_name]=@M_Spirits
[ODUI3UDHQE][message_id]=6
[ODUI3UDHQE][1]={"id":"b1632299e6e1d0024178f","e":"👍"}
[ODUI3UDHQE][2]={"id":"b1632299e6e1d0024178f","e":"👎"}
[9LRC7546KV][user_name]=@M_Spirits
[9LRC7546KV][message_id]=6
[9LRC7546KV][0]={"id":"b1632299e6e1d0024178f","e":"👍"}
[9LRC7546KV][1]={"id":"b1632299e6e1d0024178f","e":"👎"}
[Q4J1LFCX8X][user_name]=@M_Spirits
[Q4J1LFCX8X][message_id]=6
[Q4J1LFCX8X][0]={"id":"b1632299e6e1d0024178f","e":"👍"}
[Q4J1LFCX8X][1]={"id":"b1632299e6e1d0024178f","e":"👎"}
[2J2MBL43M8][user_name]=@M_Spirits
[2J2MBL43M8][message_id]=7
[2J2MBL43M8][0]=lo:-1001861520066:1462127457:6955269:❤️
[M1WL2Z194N][user_name]=@M_Spirits
[M1WL2Z194N][message_id]=6
[M1WL2Z194N][0]={"id":"b1632299e6e1d0024178f","e":"👍"}
[M1WL2Z194N][1]={"id":"b1632299e6e1d0024178f","e":"👎"}